no,threads,processes,data,waktu_s,t_io_s,t_cpu_s,throughput,speedup,efisiensi_pct,efisiensi_total_worker_pct,success_rate,fallback_pct
1,1,1,1510,220.674,207.777,12.897,6.843,0.987,98.73,49.36,0.994,24.768
2,2,1,1510,116.528,103.928,12.599,12.958,1.87,186.96,62.32,0.994,24.768
3,3,1,1510,80.763,69.912,10.851,18.697,2.698,269.76,67.44,0.994,24.768
4,5,1,1510,51.256,41.871,9.385,29.46,4.251,425.05,70.84,0.994,24.768
5,8,1,1510,35.542,26.333,9.209,42.485,6.13,612.98,68.11,0.994,24.768
6,5,2,1510,47.395,42.229,5.166,31.86,4.597,229.84,65.67,0.994,24.768
7,5,3,1510,46.038,42.001,4.037,32.799,4.732,157.74,59.15,0.994,24.768
8,5,4,1510,45.728,42.138,3.59,33.021,4.764,119.11,52.94,0.994,24.768
9,5,3,500,15.205,13.652,1.553,32.884,4.608,153.61,57.61,0.994,23.6
10,5,3,1000,29.394,26.406,2.988,34.021,4.729,157.62,59.11,0.995,23.4
